originalCost,revisedCost,expenditure,plannedDuration,actualDuration,physicalProgress,financialProgress,totalMilestones,completedMilestones,delayedMilestones,resourceAvailability,contractChanges,contractChangeImpact,costOverrunProb,timeOverrunProb,riskScore,sector,ministry,state,projectType,projectCode,contractorPerformance,procurementDelay,landAcquisitionDelay,environmentalClearanceDelay,materialPriceVariation,laborAvailability,weatherDisruptionDays,fundingReleaseDelay,utilityShifting,litigationDisputes
204900595,360742136.6467233,336209485.9108482,32,29,24.03950683025824,15.227525095137953,12,2,10,76.06690070459253,2,102922.47147901224,95.0,59.43637074126116,69.9887439707267,Transport,Ministry of Road Transport,Maharashtra,InfrastructureProject,IP-10000,96.99098521619943,11,5,1,-2.7270013117159753,42.83831568974037,11,9,5,0
249577003,254181683.73899895,160007824.700496,53,44,97.63799669573133,30.949420638727382,18,17,0,77.10316055998524,3,2571172.192068058,29.929273648742676,19.452830149715428,22.450926258326554,Water,Ministry of Water Resources,Tamil Nadu,InfrastructureProject,IP-10001,59.24145688620425,2,4,2,17.212301543511188,61.53494763786801,17,3,0,3
276820813,455845781.9061143,230026058.16942665,13,16,49.61372443656412,20.983441136030095,17,8,7,50.401879210466326,0,1293899.9080000846,92.47552586165929,69.71192466462321,73.86772965205547,Energy,Ministry of Power,Karnataka,InfrastructureProject,IP-10002,66.2522284353982,1,5,5,11.868411173731186,42.93981188678689,17,9,3,1
91544585,157077863.75323895,125332424.16039988,59,60,61.339957696485946,56.87508340232413,18,11,7,63.320637381368925,1,2698460.661945399,95.0,53.996609611770296,66.26672198726567,Housing,Ministry of Housing,Gujarat,InfrastructureProject,IP-10003,58.67511656638482,8,12,8,1.8509402281632958,41.568685734410174,6,8,0,3
191780295,192627521.60079125,164883688.17263657,28,36,81.1157986478085,64.53639773029101,14,11,1,79.06462153011667,3,4315517.129377968,51.29649246754991,48.26321978116877,42.43945081613069,Health,Ministry of Health,West Bengal,InfrastructureProject,IP-10004,62.329812682755794,1,0,6,2.439292868626488,52.76283254187229,2,11,5,2
268038498,369295921.418873,118024851.53395504,25,34,74.95565690483859,31.238642777406017,18,13,3,42.42601537230588,1,127095.63372047595,39.89073402859404,71.29160173415849,52.048886222063345,Education,Ministry of Education,Uttar Pradesh,InfrastructureProject,IP-10005,10.789142699330444,6,16,3,12.531022879055346,78.68612604982893,4,6,4,2
28841962,33527309.301978942,37129766.95628005,18,18,24.5099158528604,93.67278871083158,17,4,12,78.00422539062541,3,4018360.384495572,95.0,61.97047479409781,70.53804078405437,Irrigation,Ministry of Agriculture,Rajasthan,InfrastructureProject,IP-10006,18.657005888603585,10,6,0,0.8852899753854118,75.33830843789536,19,8,2,2
175320581,246956192.0656653,152473470.27706495,48,61,34.24711004186693,31.971297002299675,15,5,9,53.12585317438422,0,2019180.855290204,88.98241943353075,83.73842194743114,78.50782647466887,Urban Development,Ministry of Urban Development,Madhya Pradesh,InfrastructureProject,IP-10007,6.4892247108981564,9,11,6,9.88994023569542,51.06148168717388,16,7,0,2
475575216,847138310.8551556,517632863.3323856,34,33,91.74392973699884,31.560570160027517,6,5,1,69.36716561665378,3,404266.63166357623,95.0,31.419880001184353,54.417490184216575,Digital Infrastructure,Ministry of IT,Andhra Pradesh,InfrastructureProject,IP-10008,36.96544560614045,0,5,7,8.812025377841536,98.83961986263901,10,0,0,3
40213498,46213947.39594202,11031471.114026634,31,31,29.821694280899347,74.0034579194216,19,5,12,60.91995923750376,3,4702616.32244802,24.01498924605676,70.679293467683,47.223585098396256,Transport,Ministry of Road Transport,Maharashtra,InfrastructureProject,IP-10009,39.75720210875223,6,17,7,-4.49916223416027,53.8746445735181,17,6,5,1
39109026,46259720.99581692,17206428.292074293,59,70,57.66855205204058,31.76670618104065,18,10,8,94.02508342979982,2,943535.5417068969,38.97429626277637,54.41008999152291,39.76263228246953,Water,Ministry of Water Resources,Tamil Nadu,InfrastructureProject,IP-10010,27.887135259218187,2,15,2,24.252971675123696,58.31556889855331,0,7,3,2
265425328,299745611.56222486,310245423.7451161,31,37,43.50544899055688,94.61200982120006,13,5,8,57.03525848424794,1,2428068.767931133,87.32196508770977,68.84260814119946,71.11786521281083,Energy,Ministry of Power,Karnataka,InfrastructureProject,IP-10011,44.84241429862473,8,3,0,-9.276985455379165,64.57256006284042,15,3,2,0
254369215,370017385.64655226,108664769.822109,33,32,31.95906790411752,97.57094992772011,17,5,10,93.5227933106268,2,2171971.827552143,49.36281625501138,53.183971233924616,46.135190646872395,Housing,Ministry of Housing,Gujarat,InfrastructureProject,IP-10012,35.00784076946757,0,14,0,-2.19028048807822,80.57164806830536,18,3,2,3
92927856,96169460.01812232,99086600.12082699,41,60,92.33779511984037,43.31428302299,13,12,1,95.69911375526353,0,2763824.83417745,62.084781021872146,53.39413632454412,44.93321354706573,Health,Ministry of Health,West Bengal,InfrastructureProject,IP-10013,57.229246917083834,11,0,3,1.7779556827834284,56.956841002134766,0,2,1,0
89574185,156658425.74344882,140370617.36632383,51,43,28.802684585382416,70.40291651416456,11,3,7,55.24981894418433,1,4386865.359639777,95.0,52.77764401034554,70.30443410345505,Education,Ministry of Education,Uttar Pradesh,InfrastructureProject,IP-10014,74.07686177542044,0,8,10,18.356439876404743,68.69739838355355,9,6,1,2
31658609,53618851.80692075,59690680.21298,18,20,81.84656610700976,68.49675376999886,18,14,3,93.40032050905398,3,2894324.4775377936,95.0,46.31406215238848,57.01521706627689,Irrigation,Ministry of Agriculture,Rajasthan,InfrastructureProject,IP-10015,43.847412301808696,5,16,3,-8.446610622823073,51.2285860271256,10,11,4,0
339444807,548541057.4182417,228094906.11985815,16,17,85.78207675107832,27.494203059538574,18,15,1,81.97073264603162,3,663727.111214849,62.487233198650976,44.81945349832396,44.807884431861204,Urban Development,Ministry of Urban Development,Madhya Pradesh,InfrastructureProject,IP-10016,96.9536867114159,9,16,7,0.8332900504829688,60.72799944939453,4,9,4,1
374281814,502530068.9144328,446497916.3620863,12,11,24.079333840397744,32.52186083481358,18,4,13,82.87575536200373,4,1399669.4847297142,95.0,56.28562025845626,67.86067040211935,Digital Infrastructure,Ministry of IT,Andhra Pradesh,InfrastructureProject,IP-10017,95.48652806631941,6,4,5,19.201572662472742,33.34012893841542,15,2,4,1
66819576,85094979.498409,24830635.52304974,58,48,86.99145256099065,73.32920734420213,16,13,2,85.80186538023466,4,2367358.8539028284,29.144333779268536,26.752901970210686,24.45182413814689,Transport,Ministry of Road Transport,Maharashtra,InfrastructureProject,IP-10018,17.320186991001517,4,9,5,15.403746034705751,33.17128068404312,9,9,2,1
9466271,15952482.956348497,13698295.523126217,15,18,94.95024441046814,94.98264374126506,16,15,0,88.05695768094398,3,1940849.6310326096,95.0,38.6004478439451,53.80658865219237,Water,Ministry of Water Resources,Tamil Nadu,InfrastructureProject,IP-10019,64.32882184423532,0,10,4,15.037586804062911,87.42987906398876,7,9,2,3
107912284,113900233.11892024,32599895.506751183,13,10,65.64284959041035,40.28987933998539,14,9,5,90.69251865816727,1,1703122.8473212002,17.344008230989246,24.849756744197396,20.466855395098662,Energy,Ministry of Power,Karnataka,InfrastructureProject,IP-10020,26.06945282359031,6,3,9,17.869486614566025,74.02599927459188,3,8,4,0
142587448,205094577.92647898,127870509.76210772,35,47,99.1454627800606,47.135590922028385,6,5,1,86.58477764451982,4,1192984.2989517008,69.19844159099922,55.96766021850097,49.365794788190996,Housing,Ministry of Housing,Gujarat,InfrastructureProject,IP-10021,67.98447799002459,6,2,8,5.109155447051794,67.40292314713943,19,8,5,0
93146618,100597221.27219135,24854194.76697294,52,72,41.94146714164486,96.11207966138107,19,7,10,69.5815394663083,4,458520.7362924054,20.3860698839,75.49344291195065,44.945755338632,Health,Ministry of Health,West Bengal,InfrastructureProject,IP-10022,60.2440925901119,3,3,4,21.66316174903394,85.27326999561878,12,4,1,1
252212966,453162383.9876265,115951182.44725467,46,65,41.58235112968708,20.536031478484528,16,6,10,85.69063790304833,3,4334343.526554206,71.37646764466112,78.33929998666146,63.95751125477,Education,Ministry of Education,Uttar Pradesh,InfrastructureProject,IP-10023,83.84807637639851,7,9,8,22.874402371614252,79.43695590095473,4,4,5,2
354204103,460258704.19191426,262643015.16629902,28,40,98.74009574405838,77.80403667330475,10,9,0,68.90001927784692,3,2792021.248679025,51.26011103743073,63.932741221648044,47.67149137646623,Irrigation,Ministry of Agriculture,Rajasthan,InfrastructureProject,IP-10024,42.42220092469763,9,6,2,0.14728695492554955,58.3641460746992,19,11,4,2
108982440,173867241.80009884,153183895.10647884,39,57,43.73835215713336,35.714087765367466,12,5,7,53.41575031116716,1,60772.37344908171,95.0,85.54225262659895,80.55359065692122,Urban Development,Ministry of Urban Development,Madhya Pradesh,InfrastructureProject,IP-10025,96.98788267076391,4,15,5,26.98573320894384,94.33810006950615,3,2,2,3
328988920,466663635.8462925,387050184.03816503,25,25,99.62482375264337,72.72325502774333,7,6,0,42.72678282048747,3,4793512.037039231,95.0,43.78142834308759,61.9520001217432,Digital Infrastructure,Ministry of IT,Andhra Pradesh,InfrastructureProject,IP-10026,5.78638977577074,5,11,7,14.805303912061468,49.41668280867928,3,9,1,3
364300273,441805279.9324207,247563421.64592242,47,70,72.83455426177707,58.24867297097084,5,3,2,88.82770118241692,3,1354788.2125756494,51.31933453929815,66.14542605037661,48.07102232981082,Transport,Ministry of Road Transport,Maharashtra,InfrastructureProject,IP-10027,13.31851252237497,2,5,1,6.665562309539169,70.68138348265785,1,9,5,1
226568250,234764341.96262932,52128812.50027851,44,59,53.23330736797192,98.67574455989539,15,7,8,84.97469799856432,0,4849571.989073016,9.16921009823896,67.25268110307512,34.136586988790036,Water,Ministry of Water Resources,Tamil Nadu,InfrastructureProject,IP-10028,84.21189231357087,0,1,8,6.592780093506608,49.13849503514943,15,6,5,3
275157776,392781402.1207931,373107276.06642896,14,16,79.20886736624594,95.02891568941853,14,11,1,54.84088610459186,0,645797.0757574749,95.0,45.7605422846695,62.86917014732094,Energy,Ministry of Power,Karnataka,InfrastructureProject,IP-10029,95.40510272587224,3,0,0,20.279965286889148,33.282752745385395,7,6,1,1
92220897,127354159.09510233,131349448.83157253,23,31,97.11763888958407,17.956740102908192,15,14,1,75.39735382825816,4,3101547.7567673232,95.0,51.441808247249675,59.983265923340255,Housing,Ministry of Housing,Gujarat,InfrastructureProject,IP-10030,70.40797680992236,2,6,5,14.690548483891682,98.63239075646645,17,1,1,1
240431246,324577358.4767344,358384912.39790046,49,54,91.94241505629458,36.816350638775546,14,12,0,81.8585122896078,4,735367.4046451896,95.0,49.22118447020644,58.75439621550163,Health,Ministry of Health,West Bengal,InfrastructureProject,IP-10031,92.65876251614944,9,16,11,-7.350560885925366,33.21028864832431,5,4,1,0
366339005,551970555.9892315,242947421.91322356,58,51,21.524125506199518,23.67124241610649,10,2,8,93.80730459436072,2,2576180.2743210546,72.649809987654,49.96095640914775,55.32275049848925,Education,Ministry of Education,Uttar Pradesh,InfrastructureProject,IP-10032,97.31103492701043,9,4,1,1.143613561278345,42.39073389937228,5,0,4,0
460229963,536198730.67004025,295737628.5229776,25,25,38.94244882120261,18.306152760587146,19,7,12,81.26708302576498,2,4604362.002659066,52.01237008525168,54.16926800168985,48.67988449870712,Irrigation,Ministry of Agriculture,Rajasthan,InfrastructureProject,IP-10033,6.107795985486375,9,3,0,-6.619319692772723,71.80946575788013,19,7,5,1
47758171,61853083.54624444,40979815.14927094,56,47,23.2965182715604,21.980523572873043,7,1,4,90.66644035801772,2,2660567.4263265785,86.64388454244845,51.30919365505659,61.68615371539049,Urban Development,Ministry of Urban Development,Madhya Pradesh,InfrastructureProject,IP-10034,10.717201133977605,9,5,2,5.8865533001633,37.340841657273664,4,11,1,2
314577656,526152517.38661814,152165585.59095538,55,52,40.863417785043424,52.65729472875005,14,5,7,78.92937041749457,1,434601.44043711846,68.0606208414829,53.26341279256362,54.940695472861904,Digital Infrastructure,Ministry of IT,Andhra Pradesh,InfrastructureProject,IP-10035,53.71065418185478,1,14,7,13.461417386430362,69.5120979765849,9,8,4,1
110859763,168144748.83330807,129602324.44471718,56,57,94.03226413838871,10.678092682066726,9,8,0,61.92140918044346,3,4254087.589180731,94.68373286181466,40.06774249478506,58.20576522699525,Transport,Ministry of Road Transport,Maharashtra,InfrastructureProject,IP-10036,8.788762454014387,7,8,6,-7.9345808850194866,31.276973699985273,4,3,5,1
331410707,588445012.3659091,626992353.8726475,17,25,54.1673901332906,75.06064869595981,18,9,9,83.10743625019322,2,2858063.4473494994,95.0,79.54213985834649,72.95689449956322,Water,Ministry of Water Resources,Tamil Nadu,InfrastructureProject,IP-10037,27.997909366028416,11,4,5,28.719762660169373,79.76667351857239,19,0,3,0
133161931,145395445.66574472,108260484.49145542,49,59,23.892644374678206,53.30260916693357,15,3,10,43.109412209345614,1,2271339.8610954983,65.24196039540819,79.62178829015666,70.10873379084845,Energy,Ministry of Power,Karnataka,InfrastructureProject,IP-10038,54.86031179381532,9,11,1,2.894153798988919,86.69121120982444,0,4,0,0
415765258,573146112.1257758,462014159.1044285,46,48,93.65762298230433,84.75574670089563,16,14,1,47.45783340913268,2,4691702.284105189,92.8658347808481,39.53213104980641,59.498142470171146,Housing,Ministry of Housing,Gujarat,InfrastructureProject,IP-10039,18.123306616566015,2,0,7,18.863862030051088,33.36662507748614,7,10,0,0
334111821,547819666.4149078,561587840.9768697,48,65,69.867749862658,57.07588822922074,8,5,3,92.6320324487865,0,3414910.317085662,95.0,66.50102646020817,65.39377940748909,Health,Ministry of Health,West Bengal,InfrastructureProject,IP-10040,45.19486012990392,7,13,2,14.964061767273506,67.78467433402432,14,0,0,0
110546976,145168706.75269985,106242803.85362253,51,48,58.8564379552068,48.83753288227984,7,4,1,83.8329482085581,1,696360.3633169363,83.49844763557914,39.14932699070836,53.64105747417519,Education,Ministry of Education,Uttar Pradesh,InfrastructureProject,IP-10041,79.4025189270296,0,6,10,21.543888448981228,40.61724158129258,0,4,2,2
82859104,85081877.99771611,57106920.678020716,21,24,77.9171762674105,19.262442766973052,17,13,2,62.729293933414944,4,637443.3116599121,40.16799860238417,50.417206612716676,41.512110038651215,Irrigation,Ministry of Agriculture,Rajasthan,InfrastructureProject,IP-10042,39.72872905603673,7,4,3,18.89010273572265,80.4025575582252,18,2,3,3
396611161,476504214.6734351,260026440.83502504,22,32,40.827183146068904,30.461588472698832,11,4,5,57.27577698854357,2,766757.0155804009,58.004591943089835,78.09303667420471,62.86031475031916,Urban Development,Ministry of Urban Development,Madhya Pradesh,InfrastructureProject,IP-10043,58.62298320167972,1,0,7,24.884956357766058,95.24827977385287,3,3,4,3
103881316,162656420.0468149,57342738.647164196,39,41,16.20293854304969,16.958895893990853,18,2,16,95.53411077440657,0,566190.2292037762,72.99486130301965,60.62285911915673,59.46553474244676,Digital Infrastructure,Ministry of IT,Andhra Pradesh,InfrastructureProject,IP-10044,98.48411989623345,3,0,5,10.753522285042884,71.38928050214506,14,8,4,0
351087625,576585153.3930683,117987786.37324283,52,45,47.30541257832649,87.71663265516612,10,4,5,67.94200733912879,2,3687506.240548742,47.39065852561993,53.55065433581272,47.77715006908046,Transport,Ministry of Road Transport,Maharashtra,InfrastructureProject,IP-10045,45.221794088980715,10,11,10,-4.365719184808006,42.34708905543563,6,3,5,0
176136855,220026378.82416052,215734919.98399878,54,67,11.178501092950027,69.71836348150396,11,1,10,97.66421904816731,0,2786526.8444502396,95.0,85.54046932758784,77.17168129813564,Water,Ministry of Water Resources,Tamil Nadu,InfrastructureProject,IP-10046,86.06320178907339,7,16,6,13.815400692801752,34.69535341718992,18,10,2,1
349197151,480001327.39940035,395989568.8571356,40,45,60.83570199363548,15.913777548551714,18,10,6,67.19733008488166,1,2672279.4562862343,95.0,52.57404998748784,65.23774778352495,Energy,Ministry of Power,Karnataka,InfrastructureProject,IP-10047,48.1087948387586,5,3,0,3.374512452419287,35.28523546627225,2,9,1,2
86602413,123084785.67722791,123177071.13990402,39,54,88.02943840103711,46.71860458283602,13,11,0,55.23331384259826,2,2527539.395530169,95.0,68.23282841810135,69.79354902984203,Housing,Ministry of Housing,Gujarat,InfrastructureProject,IP-10048,59.50489797004206,8,14,4,-2.8582135178266554,75.69222754963123,14,7,1,2
493461399,778590079.515945,821954797.0475752,54,79,94.9968753019546,22.697366389994222,18,17,0,59.439403666407976,1,65009.617553680175,95.0,64.55380000631133,67.1782319220523,Health,Ministry of Health,West Bengal,InfrastructureProject,IP-10049,8.550853085446807,6,15,2,13.321662438787687,59.499718541474856,1,0,4,3
373791050,451367176.0615103,261654125.25875568,34,28,84.75890559087247,41.067293039314805,18,15,3,66.16759174811901,3,1097552.6254047935,42.87708226236724,36.39612743007915,36.4884481841695,Education,Ministry of Education,Uttar Pradesh,InfrastructureProject,IP-10050,97.45472651988699,11,16,9,12.631064798662418,98.97571185692142,16,1,2,0
85218637,135783077.3742895,122048056.02730636,36,35,22.54204666655417,85.14372131193691,8,1,6,71.54141093816115,4,3456109.288048272,95.0,66.36506684174591,73.24235708723148,Irrigation,Ministry of Agriculture,Rajasthan,InfrastructureProject,IP-10051,68.31838564454814,5,17,4,22.602177136098284,64.8663527457704,1,0,4,0
347488441,547698098.8364654,167912587.63517272,33,29,91.00167776632946,88.65010698062638,12,10,1,76.0310116260192,0,2471369.250691357,41.37903872008923,29.43795274457659,31.350079428101672,Urban Development,Ministry of Urban Development,Madhya Pradesh,InfrastructureProject,IP-10052,57.32943781794007,0,13,1,-3.3486652497568237,81.66235314984593,18,4,3,2
298130268,390978912.5964472,191068945.79530266,47,61,36.74095440608575,60.976417626720746,6,2,2,79.8202699217589,4,2418774.709662064,60.199873823691284,69.83767124264249,57.87599853552897,Digital Infrastructure,Ministry of IT,Andhra Pradesh,InfrastructureProject,IP-10053,26.99112223921949,3,2,3,-7.942967460629986,64.74563730408654,12,10,1,0
94817241,130789939.55218747,71199915.4072595,51,66,54.59421845855786,71.95621567849625,14,7,7,54.78412199434641,2,388826.7203947854,65.00739027293147,69.92247980916052,61.79878389737103,Transport,Ministry of Road Transport,Maharashtra,InfrastructureProject,IP-10054,0.23393906257782593,2,5,1,-5.876250159450205,52.02175897665876,16,0,1,0
309967478,439236480.52632076,125931388.20689867,27,38,75.9002397768605,82.59050330753047,11,8,3,81.53659387107115,0,4516819.063180124,28.575403111738595,66.57670347551621,39.91149440277938,Water,Ministry of Water Resources,Tamil Nadu,InfrastructureProject,IP-10055,64.66649191171634,10,8,9,-8.422927545259764,79.3902620760982,6,0,1,0
426809237,739400326.4207848,172979732.9311696,18,18,93.19565758388774,97.39524206488309,11,10,1,68.45285299944783,3,4222746.992675352,52.437931357597435,35.4193526633735,38.78445226691375,Energy,Ministry of Power,Karnataka,InfrastructureProject,IP-10056,31.910047324325564,9,6,0,16.006694017729124,55.528807462011414,11,11,4,1
47942594,74648106.07094613,40300643.560406804,34,28,38.37613040475493,58.55421631378035,17,6,10,59.12515017592419,1,2600840.5493936595,86.58404368686419,47.50289301517776,63.55324446319377,Housing,Ministry of Housing,Gujarat,InfrastructureProject,IP-10057,42.68170566548643,11,1,6,8.477714023023502,99.3238919339244,12,1,2,2
45739629,58572771.659742154,56650898.79953962,40,33,53.18031941708543,62.268148650459494,16,8,6,63.897243038538136,0,1681852.3191421104,95.0,45.097707991366946,63.88157939948917,Health,Ministry of Health,West Bengal,InfrastructureProject,IP-10058,52.25191916345231,0,16,2,8.692430661506101,50.79020135184176,17,3,1,1
387718244,400774482.05613536,86126854.81329277,57,47,19.852083881120365,45.24671264863205,8,1,5,96.99767103701352,4,1294913.2580090682,17.796302337758526,52.760543474219475,34.049852107416164,Education,Ministry of Education,Uttar Pradesh,InfrastructureProject,IP-10059,58.85542289732454,6,13,7,8.696060449994789,72.93879724474954,6,3,3,2
119161223,209030879.9335211,177602386.6714423,56,49,14.22508214330317,44.56815503421246,13,1,12,97.43621577899954,4,289213.3828169818,95.0,51.51489018093275,64.99227098214621,Irrigation,Ministry of Agriculture,Rajasthan,InfrastructureProject,IP-10060,96.91026301408114,0,8,2,13.89096289721364,66.75220506021877,9,2,1,1
310031229,557147393.0560218,611433688.9293848,46,44,30.14358533403608,58.32769806040722,13,3,9,91.60760898507542,2,4387304.313151902,95.0,55.488233326279364,65.66538178303286,Urban Development,Ministry of Urban Development,Madhya Pradesh,InfrastructureProject,IP-10061,26.560004258870606,11,8,2,28.226059929190136,90.34893320858154,8,7,0,0
478359754,511648526.0579834,284060399.2945593,26,20,72.61428635647752,14.390522350585577,6,4,1,97.72731835552298,4,4472399.654840337,38.10774982872221,20.141050255083893,25.37194113179205,Digital Infrastructure,Ministry of IT,Andhra Pradesh,InfrastructureProject,IP-10062,99.14753351450481,1,7,2,22.987238637005966,54.34664455315351,1,7,2,0
78135852,124011593.44695875,89444640.60354416,27,34,86.55235561848177,88.05647808638221,13,11,2,90.22079970182033,0,4650451.752548694,95.0,52.74886077850806,59.27374575535659,Transport,Ministry of Road Transport,Maharashtra,InfrastructureProject,IP-10063,10.583409382858399,10,5,11,-3.655795788277052,91.66095314392498,18,6,1,1
305419743,387301274.4738252,365421950.1383162,42,33,60.05635615357813,78.09722234064412,16,9,5,51.587971875237585,4,3084634.5918787112,95.0,33.26864727213747,60.90019514860466,Water,Ministry of Water Resources,Tamil Nadu,InfrastructureProject,IP-10064,98.11861780274235,0,7,1,15.360228123984456,67.79897658010988,2,5,2,1
84146438,120582961.68323316,140237020.2392357,39,48,93.88252949590157,19.225875519161132,8,7,0,96.83787329538028,0,3854921.4626606777,95.0,44.23514873540067,54.568368113493044,Energy,Ministry of Power,Karnataka,InfrastructureProject,IP-10065,70.85720046026293,5,0,5,14.836620710699084,33.2019423668759,17,11,3,2
26845218,39610567.13543009,23117212.621856987,40,32,39.12491972345872,53.977887136419916,7,2,3,80.9977225963903,1,794691.4163837826,86.79455268038672,48.965867344646334,60.79372428097649,Housing,Ministry of Housing,Gujarat,InfrastructureProject,IP-10066,46.85394167685843,3,16,2,8.05548097318702,41.453667483416844,10,3,1,2
243367693,288157800.28441066,94872902.6428795,14,20,23.59521026028102,48.91013209383417,9,2,5,65.18363901556734,2,4822602.361351043,34.6826471512113,86.99265514273974,57.18342128208022,Health,Ministry of Health,West Bengal,InfrastructureProject,IP-10067,76.00940784380971,4,2,10,6.373360252601721,92.58694425753941,14,1,4,2
138719871,235060578.75965083,215062574.41105837,29,40,52.588891602240146,97.13740851232495,18,9,9,92.11739007733664,4,768290.1908055634,95.0,64.47222143415236,66.4887798301288,Education,Ministry of Education,Uttar Pradesh,InfrastructureProject,IP-10068,45.36936346052827,1,6,2,21.871913114561103,50.59175813404345,2,3,5,2
462510040,462965828.9056776,314470208.06189054,55,53,60.25714053248782,30.29861281993619,16,9,5,79.09116800813588,4,1344967.0221754883,37.31332866720254,50.996384109273684,39.88467665065764,Irrigation,Ministry of Agriculture,Rajasthan,InfrastructureProject,IP-10069,79.75591006371882,10,12,0,-9.535178403675975,35.07128214561912,17,5,2,0
35319320,59622470.5483941,58421136.72710858,19,24,77.42454751911548,23.13298666316309,16,12,4,74.25427011064986,3,3512324.8527205195,95.0,45.183085795045294,59.93348475975682,Urban Development,Ministry of Urban Development,Madhya Pradesh,InfrastructureProject,IP-10070,55.96486834869141,1,0,1,11.369688239057805,91.777344007372,0,3,1,1
314644390,348051003.979415,248609340.4638697,57,73,83.92966552088798,13.70651457513445,16,13,3,97.09299846131961,4,3532378.632434506,53.96495610444994,51.62757996871338,41.698719109542914,Digital Infrastructure,Ministry of IT,Andhra Pradesh,InfrastructureProject,IP-10071,3.1586144825642037,5,8,6,14.517766994624239,50.91851204361197,11,7,1,3
227170429,369546810.39240485,300167347.89814097,18,22,59.77013073327626,63.77282763687371,10,5,4,68.8542298869391,0,819997.4049474862,95.0,66.88501110592851,70.10460633070649,Transport,Ministry of Road Transport,Maharashtra,InfrastructureProject,IP-10072,43.860721648953835,1,11,6,16.011767434938157,63.54952500034011,18,9,2,2
413806125,525333758.6972869,200739440.91431737,43,49,59.982719584386814,74.72816004450374,10,5,5,99.78003496340452,0,2466384.233918998,35.702095097820646,50.430862587452324,35.966362741787215,Water,Ministry of Water Resources,Tamil Nadu,InfrastructureProject,IP-10073,8.15264895524267,2,2,5,-8.773899911767757,48.03780219578496,11,0,5,0
443812830,591480850.1500161,618834054.788879,48,50,43.393488668614246,98.88846073624521,12,5,6,92.02188976734692,0,2193077.0959479525,95.0,48.46975602728491,61.82178227758625,Energy,Ministry of Power,Karnataka,InfrastructureProject,IP-10074,72.52576604151365,3,1,1,21.718243784225262,75.8506537182476,18,2,1,1
473800124,553649541.018397,444780819.97107,51,70,31.22128845632889,79.84001863318865,8,2,5,50.78098653221452,3,1864243.1859446722,81.71851800360281,86.99810177628324,77.39746599767518,Housing,Ministry of Housing,Gujarat,InfrastructureProject,IP-10075,51.26152052058052,4,4,5,9.691114257921392,47.30617520822239,14,7,0,3
404220865,435026216.3172987,335577653.43919295,36,53,33.23200894310148,69.1062998087163,19,6,13,86.40838754119605,3,4849105.225392723,68.94551442964485,86.17863077393028,66.45626751724399,Health,Ministry of Health,West Bengal,InfrastructureProject,IP-10076,45.37895413836392,10,9,2,7.680974951314301,53.162255409242036,9,11,5,0
245035072,333136713.7366675,262473210.19619527,23,29,25.033771711085485,25.08572946594859,13,3,8,84.18412090393844,4,2667559.626498478,95.0,77.12896435302348,74.8641422168589,Education,Ministry of Education,Uttar Pradesh,InfrastructureProject,IP-10077,78.17903298450294,7,11,7,13.414174575870085,90.7789896359281,11,10,4,3
89823921,160726826.855085,51910073.22178812,48,69,13.540918660165868,20.989892260902412,10,1,9,96.0325010516743,4,516544.7856200783,89.67122168844335,89.66558435213898,76.49247617485824,Irrigation,Ministry of Agriculture,Rajasthan,InfrastructureProject,IP-10078,58.467070044258875,11,9,3,29.465204918353876,97.55830875052318,10,1,0,1
426326620,722339958.3511084,472944760.0493725,58,67,40.83881393088238,57.90204899436692,11,4,6,58.47579649547146,1,1009267.2606147418,95.0,61.51660521547137,71.67556095800603,Urban Development,Ministry of Urban Development,Madhya Pradesh,InfrastructureProject,IP-10079,67.34324333249174,1,0,6,16.90408472900505,61.06251535131998,4,5,1,0
383452278,683658995.1806449,392623150.7582835,41,47,65.60625161810924,88.20144860308464,12,7,5,41.82322358181021,0,3447633.7551578055,95.0,61.64569476002488,71.74188446692625,Digital Infrastructure,Ministry of IT,Andhra Pradesh,InfrastructureProject,IP-10080,67.65133857772466,2,15,4,16.67886067963629,70.40296656982237,1,1,5,2
443834760,751479238.4454818,896767932.8951257,24,32,61.0314634888001,76.46042883261939,8,4,3,64.24841929906198,3,3337966.9278179235,95.0,69.77583061746228,71.6811314723725,Transport,Ministry of Road Transport,Maharashtra,InfrastructureProject,IP-10081,80.78459419412586,1,12,8,2.687828670615943,90.82304378783996,0,7,5,1
108399878,108899268.47635184,50220423.075015955,23,28,60.709503461361294,44.23777338095179,17,10,7,75.7891284991253,0,2222097.263756008,29.881608608614044,60.271357918638316,40.6082990939641,Water,Ministry of Water Resources,Tamil Nadu,InfrastructureProject,IP-10082,1.466705704626381,10,2,7,16.72851194220065,73.36432422067301,13,8,2,0
491764313,866086873.1827006,906937905.710152,39,31,40.71230448635407,44.21760569072713,6,2,4,54.7641795278799,3,3039525.463967223,95.0,49.91515232303305,68.18444593524417,Energy,Ministry of Power,Karnataka,InfrastructureProject,IP-10083,76.48832615421283,5,13,1,18.619636283970976,66.4863892739734,10,6,4,3
347137230,414754645.990028,465438010.3882056,26,24,53.126490649923994,27.51024908667709,18,9,9,77.04110544477845,4,1424364.5098096142,95.0,47.423559387404815,62.729430903882516,Housing,Ministry of Housing,Gujarat,InfrastructureProject,IP-10084,30.728996492628657,11,2,7,2.452307966240145,72.72336483176429,17,1,0,0
170567107,282892235.3181797,204384276.5266091,18,22,26.329451292606425,57.26470453003542,11,2,7,46.41261538568463,1,926142.2327370483,95.0,79.01895675258889,81.06179742629277,Health,Ministry of Health,West Bengal,InfrastructureProject,IP-10085,91.77524891713773,3,3,5,22.239701991006328,68.51585795093833,12,9,2,0
441419446,666714706.8779788,476817804.0554625,39,37,29.0840355917404,64.98828899658926,14,4,10,90.39167817200322,0,1184352.7948724104,95.0,51.24948161158197,64.47016327907916,Education,Ministry of Education,Uttar Pradesh,InfrastructureProject,IP-10086,78.05255152438619,1,3,11,16.856986781224577,86.66709830379092,18,3,1,0
215216374,316214571.12187046,116371454.86879693,46,64,52.560276906986395,58.18222916583948,10,5,5,78.51829002659596,3,1030930.8225921321,55.568265197722745,74.48402021016058,56.262941957957274,Irrigation,Ministry of Agriculture,Rajasthan,InfrastructureProject,IP-10087,63.796079331597014,8,13,8,9.870674354366777,99.14498641504211,2,6,4,1
130923138,177292653.62929398,114493984.93508562,52,66,99.21303943319695,21.55548605087127,7,6,0,60.233627965325226,4,397096.844944933,66.28170047568304,48.45372666451668,49.51513638473558,Urban Development,Ministry of Urban Development,Madhya Pradesh,InfrastructureProject,IP-10088,8.565824959643054,0,3,2,6.047516561559306,55.68692554433605,5,8,3,0
86861168,144666449.30650783,125802322.78375037,55,52,58.601072314405954,89.20711788053124,6,3,1,71.97746719308012,4,2284293.2244018433,95.0,46.43093090452514,62.59409850618119,Digital Infrastructure,Ministry of IT,Andhra Pradesh,InfrastructureProject,IP-10089,19.03248628190678,1,11,1,4.51777087383968,99.68363434929799,19,7,5,3
386253049,682161597.7517564,256017254.79963645,42,55,25.343014435652577,46.85300677046835,18,4,14,89.30838663406522,3,1737857.6211949105,88.28420736968556,73.28740630907018,70.03371571737374,Transport,Ministry of Road Transport,Maharashtra,InfrastructureProject,IP-10090,66.4911724487218,3,2,6,5.972636632372325,40.66912093312922,4,3,3,0
400279992,615329118.7495673,180247832.26703477,33,28,77.97433784471271,21.494213527171134,16,12,3,49.558241237138816,4,180801.90262381057,43.50854041619814,35.118649804934975,39.463773628164404,Water,Ministry of Water Resources,Tamil Nadu,InfrastructureProject,IP-10091,30.31283559453286,1,12,1,5.236381020439488,54.24252380123025,8,0,2,2
99409907,121654149.19761653,138976120.8632835,29,33,92.74527758929756,54.726713461524724,10,9,1,63.46256578349046,3,4652976.0732195815,95.0,44.636331404976104,59.82880336528831,Energy,Ministry of Power,Karnataka,InfrastructureProject,IP-10092,11.636639788547608,1,12,2,16.972152256361937,67.27368347915983,13,5,2,3
378586950,470864986.7998024,132275054.50573783,32,26,23.8412034701228,30.125299104668013,18,4,13,78.45832464071992,0,2875816.752483125,38.360602333478965,44.242611879806645,41.67628604820364,Housing,Ministry of Housing,Gujarat,InfrastructureProject,IP-10093,47.93544401378518,0,3,0,14.250117510039097,83.53668606320969,19,2,2,0
327984837,366391596.9682997,196776294.4109842,19,21,55.549679936207575,30.929622252884208,17,9,8,96.18695043301963,3,2197558.4431645507,47.07364265864986,54.20317514622808,42.81755780606607,Health,Ministry of Health,West Bengal,InfrastructureProject,IP-10094,10.566468426174392,5,10,1,16.008043695926133,40.64173971900537,18,4,2,1
369215049,431761658.73757344,289183101.4294733,42,54,98.53110327370723,31.526209379433304,7,6,1,47.283096365345735,2,888831.9392562411,53.87240023145604,51.05162764080266,47.47145498469077,Education,Ministry of Education,Uttar Pradesh,InfrastructureProject,IP-10095,69.16180555693194,0,3,3,29.86787415411907,86.97791886542132,6,11,3,0
136957155,194702834.57149997,121900209.5215719,48,68,50.48061839391902,27.516026063868857,11,5,4,64.84778515173562,4,1935393.8016781542,80.17230408779012,76.66577604565751,69.12671363894393,Irrigation,Ministry of Agriculture,Rajasthan,InfrastructureProject,IP-10096,96.3822275482351,6,1,10,6.743224864957412,85.32364151021036,9,6,1,3
156655846,234225328.2446367,122617051.8343369,37,35,97.82863794190484,82.13834006946907,17,16,1,46.584171920650206,3,3230450.6173125403,60.39456522958323,30.295447111573342,42.99074299859595,Urban Development,Ministry of Urban Development,Madhya Pradesh,InfrastructureProject,IP-10097,49.933383497861826,6,3,1,2.987037075602398,81.61499541714598,7,2,0,0
88649971,149610317.28648803,88628212.6363985,53,75,95.98012178535355,80.82130476297655,13,12,1,81.28808236519254,3,382084.2971902572,95.0,53.57421795246295,59.9597517500478,Digital Infrastructure,Ministry of IT,Andhra Pradesh,InfrastructureProject,IP-10098,27.936771393471638,1,7,4,23.005287837148153,64.68164724226872,7,10,5,3
442935024,660481173.6800833,176118652.71371368,35,49,19.51241319156467,98.94477439001182,11,2,9,42.86984922364633,0,3731036.287409193,52.715599606846794,88.95660870281026,68.8393341860189,Transport,Ministry of Road Transport,Maharashtra,InfrastructureProject,IP-10099,65.90355342036808,2,2,7,-8.577165318578066,65.60055026133048,7,9,5,3
433222090,769662350.4235994,879197147.7409194,39,40,47.09178372364944,59.4654439347032,10,4,5,41.256697661854766,3,4494504.120031177,95.0,62.33395839153301,73.9192024153934,Water,Ministry of Water Resources,Tamil Nadu,InfrastructureProject,IP-10100,78.24849245639379,7,8,1,16.694015921857137,30.729938957818213,3,3,5,0
86193128,152377487.9442503,103350837.97236674,21,28,36.35398330308683,98.19732964229655,10,3,7,74.94535949243479,3,783192.1848690415,95.0,75.29167685141508,74.47488464382137,Energy,Ministry of Power,Karnataka,InfrastructureProject,IP-10101,4.373562587996949,0,7,1,-1.015375526245922,56.051691668625935,13,11,1,0
171145649,300268310.0456293,132326055.83137178,32,40,54.64430548118979,11.144340098820416,9,4,3,80.28729609367859,0,1292158.1014590906,93.9825516299959,67.62942466589334,68.75579432289025,Housing,Ministry of Housing,Gujarat,InfrastructureProject,IP-10102,54.40165791827516,4,12,4,29.135891152023838,82.37343341852983,13,6,3,3
230179850,289116909.3925641,275582576.6314149,36,52,13.885636221731051,24.833333415649342,17,2,15,83.55879459911773,2,4825648.710634983,95.0,90.3494751439629,80.69993348834625,Health,Ministry of Health,West Bengal,InfrastructureProject,IP-10103,48.839413006493956,6,11,5,11.689488219673933,71.32433833211411,2,5,2,2
279385308,300340752.9213523,211749055.09214586,36,47,24.40644714591157,51.54017269778109,12,2,10,84.50272369077581,2,4959049.756746817,62.5358033590614,80.25123708484105,62.986201055111394,Education,Ministry of Education,Uttar Pradesh,InfrastructureProject,IP-10104,9.917809958721591,9,1,10,2.437157200302167,81.96436354007565,13,6,2,2
275085185,353294008.85844946,347567743.4228537,47,37,78.48916840252845,13.178021944621516,5,3,1,52.14883360991425,1,3793381.950555024,95.0,38.20110996535211,60.69914660613325,Irrigation,Ministry of Agriculture,Rajasthan,InfrastructureProject,IP-10105,67.83788228551418,2,5,7,10.082008539537885,38.72998398379733,14,3,3,1
53085527,62310054.536105916,20824483.151129276,49,53,72.60563318471262,10.289643724385082,10,7,2,61.329580626481444,0,1938367.973751971,19.13105543439221,49.018766469045396,33.348990025479296,Urban Development,Ministry of Urban Development,Madhya Pradesh,InfrastructureProject,IP-10106,40.2327124686556,6,3,2,-7.405856220681266,70.59886511996919,19,3,5,3
226053089,334444453.9110729,268273161.88227788,30,34,16.935245122089803,15.269583631958128,17,2,14,98.91815142676872,4,3943074.8233620324,95.0,74.21051035514942,72.442431398078,Digital Infrastructure,Ministry of IT,Andhra Pradesh,InfrastructureProject,IP-10107,51.72690564416094,3,16,6,-0.5656960342525164,55.99954013111321,16,10,3,2
76247150,137144071.96264395,155399776.2556121,56,51,67.37979380232068,54.65497457018975,19,12,5,81.15467626299181,3,1919164.75966522,95.0,37.03121547079946,57.049744595098964,Transport,Ministry of Road Transport,Maharashtra,InfrastructureProject,IP-10108,57.18722712271865,4,9,1,-3.388235561193018,79.01763716111647,12,5,0,2
214274732,348424760.34374845,89244160.44817454,46,50,88.54572254361416,85.77402101126278,9,7,2,66.11082395532141,4,3530095.0383201228,47.26663793294611,41.73670301350041,39.74330538024396,Water,Ministry of Water Resources,Tamil Nadu,InfrastructureProject,IP-10109,63.117064595670634,6,6,1,26.375607680335847,84.61491444010716,3,5,0,1
435457517,648039219.72199,217322597.80981538,42,60,52.48543907772984,11.206236378894905,12,6,5,56.93122448159201,3,1378599.2654777612,56.412356781962934,78.78794445763292,61.352495692944906,Energy,Ministry of Power,Karnataka,InfrastructureProject,IP-10110,27.56123386789454,7,9,5,7.155475154441543,89.1352605400215,5,11,0,0
447766563,459807399.9792997,115782888.66939427,54,48,57.91786140476954,46.99860423406359,11,6,4,93.99000074123634,1,3662243.659190449,9.807610229215163,42.06961205327664,23.757122058670483,Housing,Ministry of Housing,Gujarat,InfrastructureProject,IP-10111,54.83205837264242,7,14,6,5.737913862543662,87.95078627255211,13,8,4,1
454042452,547222882.8511195,467423887.8768492,37,34,40.44367947991135,37.782886903587574,9,3,6,50.98092665408363,0,756234.1436746728,90.82212126176674,55.690414947841475,69.12898679034753,Health,Ministry of Health,West Bengal,InfrastructureProject,IP-10112,22.53169299512351,9,6,5,12.448911531300997,66.63736379620565,1,11,1,2
295633384,482875741.3593802,361596021.5222607,45,38,51.247057737579084,53.622665841704226,9,4,5,96.74188882001694,0,3345111.686645542,95.0,34.202782319340336,55.33498471500866,Education,Ministry of Education,Uttar Pradesh,InfrastructureProject,IP-10113,46.22955610006072,2,6,5,1.6235023922542027,85.08790944423664,5,11,2,1
447647138,466253708.5939547,401772881.02562463,43,42,24.823571808906628,39.71935583843478,18,4,13,41.07674071410951,4,3298146.831973711,79.59801148987104,66.88170379732827,71.60393263700622,Irrigation,Ministry of Agriculture,Rajasthan,InfrastructureProject,IP-10114,16.161981128587144,10,8,7,29.399586245635007,84.04087334169932,1,8,5,2
151974663,186312535.51893583,110060099.60042924,46,40,69.11020942518647,83.9892844540203,6,4,0,86.53671105551965,2,978046.3652225751,54.87743943035637,34.106682309108365,38.99678697948388,Urban Development,Ministry of Urban Development,Madhya Pradesh,InfrastructureProject,IP-10115,18.672329577304147,7,8,3,1.057667623335842,51.86443713198595,8,7,1,1
316827259,493211107.119951,489887530.3091091,18,22,42.67906629706094,90.74677068681571,15,6,8,48.442691682925506,0,166918.0089319061,95.0,80.93305187674194,79.79225777471477,Digital Infrastructure,Ministry of IT,Andhra Pradesh,InfrastructureProject,IP-10116,36.369312475614024,11,15,10,2.526479792691294,85.90152906679259,13,5,2,3
235225419,374428120.8494644,194577875.53850663,12,13,98.56992871328481,70.11279989232644,17,16,0,49.9572937177471,1,2137448.439603076,69.00520557121555,48.17537454272946,52.11287638945099,Transport,Ministry of Road Transport,Maharashtra,InfrastructureProject,IP-10117,16.223340578247935,10,4,8,-6.278780541598912,32.055491137167465,19,1,1,1
22296381,35344160.55903324,13692749.954672156,40,40,92.63871996604976,19.96736007870623,16,14,2,68.27007393596888,3,2296325.9858660693,56.05601668990597,32.40448630349779,39.259593795186305,Water,Ministry of Water Resources,Tamil Nadu,InfrastructureProject,IP-10118,35.77982653254418,1,2,11,3.408321894834909,42.16331151950207,0,4,2,3
135394657,173082183.46181062,112564167.44547477,22,27,65.8835710730588,41.71374519486889,9,5,2,90.62423958440345,2,3170710.691478684,71.50027777862269,52.71221614535897,51.86739371735832,Energy,Ministry of Power,Karnataka,InfrastructureProject,IP-10119,12.626474156450273,1,1,2,17.453087867443898,34.874880371368405,6,5,0,3
443857851,796012048.4409862,217049299.0604782,14,18,56.13892778305476,37.47796090270582,19,10,9,41.991361273745575,4,2041531.7137972554,67.42524292912341,71.43238760777412,65.05883586500299,Housing,Ministry of Housing,Gujarat,InfrastructureProject,IP-10120,75.92487330608428,3,11,0,20.642591061412105,85.19131402773091,12,1,2,0
201418810,201449167.771593,67543959.97978161,45,50,51.43224440817337,87.8107248570403,12,6,5,62.824032938224576,2,2112742.141559723,24.15342591746988,67.6557712210417,43.77406091280153,Health,Ministry of Health,West Bengal,InfrastructureProject,IP-10121,4.202467517140529,7,13,9,28.64973642827193,38.92177715960083,18,2,2,1
324182098,532931192.0887003,116182493.55930175,18,22,60.32663261463938,66.54142994169533,13,7,4,92.36523037396768,4,2703492.3832245516,48.56853755137547,53.76928722510699,43.35921773177854,Education,Ministry of Education,Uttar Pradesh,InfrastructureProject,IP-10122,9.653447019544082,8,0,7,1.3531378809408103,87.71743656609226,2,8,2,1
429378408,445915603.4151924,426781515.0039369,19,26,39.736720348819645,40.63652590146082,12,4,6,77.57057029558828,4,4190760.9177596224,79.98507811692986,77.59621277034569,68.54344813717273,Irrigation,Ministry of Agriculture,Rajasthan,InfrastructureProject,IP-10123,28.529033835731642,11,2,10,29.817500647652395,89.89872656862775,4,3,4,2
491940331,537172472.2930443,152404246.31964073,20,25,84.635811938508,89.10810102540405,5,4,1,81.66702736784254,3,4553382.897175698,10.593555918698339,54.42898779169269,27.573932795544597,Urban Development,Ministry of Urban Development,Madhya Pradesh,InfrastructureProject,IP-10124,46.443323622554274,8,7,4,15.252302123679549,71.41880136144279,18,3,3,3
473943619,619732971.1363817,426169955.58930236,33,32,34.44118882759359,52.56074195298144,13,4,9,56.137536749588264,0,14605.163106810038,79.19073559796908,57.412920772721215,64.90606711444246,Digital Infrastructure,Ministry of IT,Andhra Pradesh,InfrastructureProject,IP-10125,3.9765964988569547,5,7,2,1.0725723116522303,98.00728836307354,12,0,2,3
411921357,613196041.5648695,294753045.00106853,24,28,86.87223978854539,14.454716814429995,12,10,0,90.63547675670344,0,1694303.246693758,54.23261715521036,42.900527393923255,39.425685957597224,Transport,Ministry of Road Transport,Maharashtra,InfrastructureProject,IP-10126,80.25856795798128,0,9,10,-8.224489113165824,49.447545094721406,4,0,0,0
493932183,703991450.2269582,760214092.2814488,52,42,70.78781867923803,14.036821122121179,15,10,5,95.76560166838684,4,1972880.377988232,95.0,33.321478404858674,53.21889532351871,Water,Ministry of Water Resources,Tamil Nadu,InfrastructureProject,IP-10127,42.18281785388314,11,7,7,16.837720189700317,48.072127793381846,15,0,4,1
348857254,615114355.6914791,566762339.0155928,36,44,14.602184329789065,33.18464983003497,11,1,10,76.22772717696327,1,1283471.1415502292,95.0,72.44763227889908,75.46229378809127,Energy,Ministry of Power,Karnataka,InfrastructureProject,IP-10128,66.52921019780553,0,3,1,-6.3086083170697105,71.74250632022579,7,3,0,0
130583691,138959852.74659753,70393377.18789288,50,54,68.14865575045567,68.18050811121464,7,4,1,75.92154413914585,1,694356.6319825851,33.120966313415735,46.915113939066956,36.465579208122286,Housing,Ministry of Housing,Gujarat,InfrastructureProject,IP-10129,11.573760667870536,6,2,3,15.515083706545354,81.86868751922049,5,2,5,3
305701953,308564940.0107585,167112563.41183314,46,51,17.595314249008812,45.943187355522184,9,1,8,88.48135779439318,0,3645867.43774724,44.20358104865223,73.442705203885,53.35464414676079,Health,Ministry of Health,West Bengal,InfrastructureProject,IP-10130,65.22916485919397,11,10,1,6.155914566804949,35.433025131200864,8,4,5,1
392773469,533046862.66908145,532183508.263797,14,15,62.13397184384741,78.34159231773518,11,6,3,74.93192479564684,1,1850261.6733712761,95.0,52.230470135790796,63.82747864379501,Education,Ministry of Education,Uttar Pradesh,InfrastructureProject,IP-10131,2.7420309972657653,11,0,7,4.982115480804854,41.6802141189127,4,6,3,0
69841271,112411303.56129302,128895795.54651554,30,24,68.12401476578358,67.3212085709269,15,10,3,44.30271333085906,2,1556087.4753169678,95.0,34.025348684747264,61.451063563454326,Irrigation,Ministry of Agriculture,Rajasthan,InfrastructureProject,IP-10132,67.71206397350093,4,7,1,23.668934469787047,70.61550631495206,5,0,3,0
71799468,127632185.03921503,54688699.748656176,35,40,96.76156664059322,44.57860416872202,15,14,0,41.857347455160614,2,800124.6823159702,77.14244576621064,50.54966793983876,57.59460330309441,Urban Development,Ministry of Urban Development,Madhya Pradesh,InfrastructureProject,IP-10133,2.335209632818591,10,14,4,1.569790878906181,93.00582281115365,4,9,3,0
430229346,736003210.7370899,590968535.1273582,20,29,35.956489403687115,96.50219368668337,8,2,6,63.130714284215344,3,4900544.962068834,95.0,86.6056015576637,80.2467044621813,Digital Infrastructure,Ministry of IT,Andhra Pradesh,InfrastructureProject,IP-10134,47.78784480222424,1,12,5,-0.12370293329657756,88.69844504319798,2,9,1,3
365836204,422796560.50242096,107852756.1561894,57,72,31.15334933234426,84.76196594680692,8,2,4,49.914523026556196,4,2220218.7460110146,30.85759660669231,81.152213014641,55.14379981058343,Transport,Ministry of Road Transport,Maharashtra,InfrastructureProject,IP-10135,62.62343214210638,10,3,2,21.295533178403492,81.42045461849892,17,7,5,0
187627991,280790614.1380662,112684673.21650286,32,28,86.73020037113982,73.97962450140872,10,8,0,47.94234274209835,2,4547273.05468621,48.53908177841831,41.88179413265741,43.20988920936869,Water,Ministry of Water Resources,Tamil Nadu,InfrastructureProject,IP-10136,72.21432354559059,11,10,6,-5.007167441326068,85.59474637845838,19,8,5,1
301533515,535428895.83813286,615267845.9685696,37,55,53.506669237583196,87.71927702630906,19,10,7,62.51979447517611,2,1016115.4554304363,95.0,85.50925776060345,78.19960412117646,Energy,Ministry of Power,Karnataka,InfrastructureProject,IP-10137,76.17981913776973,10,10,8,4.490723483943647,80.80015242539643,13,10,1,3
337941234,500725359.6345233,396277434.229018,18,26,28.042706397556252,19.83377892786593,8,2,6,66.3489889980249,0,1492174.5618093836,95.0,87.07983655202797,80.72132380375042,Housing,Ministry of Housing,Gujarat,InfrastructureProject,IP-10138,24.03823886994838,5,2,10,-8.768398013582086,98.0073129673412,15,1,5,0
136208917,214960222.61315244,191858970.17267495,53,65,68.00232494089303,83.78180244862548,13,8,3,52.64229783203219,0,3966970.071526739,95.0,62.40989359137463,70.146885588087,Health,Ministry of Health,West Bengal,InfrastructureProject,IP-10139,99.05460327701334,1,7,9,23.13877197796468,50.62335774423352,6,2,0,3
366398296,551914936.8705527,148481422.0754313,24,31,79.20305038968769,69.26864641030494,19,15,4,90.75528638066393,1,522020.6487404072,41.58625425502718,52.53896090095532,38.48954002127687,Education,Ministry of Education,Uttar Pradesh,InfrastructureProject,IP-10140,39.9100188073723,1,13,3,6.284259565025106,34.62068908981691,2,7,2,1
255118331,372889251.98932296,334763666.2537412,56,82,57.031893940307064,36.96091101584865,12,6,6,70.03745608422507,1,1211156.0891228346,95.0,73.56613491113005,72.53933941223104,Irrigation,Ministry of Agriculture,Rajasthan,InfrastructureProject,IP-10141,47.825988419522346,1,1,9,6.114931305305483,50.67033458335603,1,6,2,3
187600918,327060146.7141512,197904976.04931408,38,30,62.493174321050404,85.80076717095531,5,3,2,53.156437715432546,4,3017465.4802168934,95.0,43.91440941240633,64.14726020492229,Urban Development,Ministry of Urban Development,Madhya Pradesh,InfrastructureProject,IP-10142,35.78140841135489,8,16,6,10.123358031193455,61.45448194277495,9,3,5,3
56929747,88018727.56167306,38898264.170564994,39,37,37.28746535149415,36.09731070492481,18,6,10,47.197221581433396,2,3876730.7520156777,74.8256450385814,60.78018066766917,65.39499147675234,Digital Infrastructure,Ministry of IT,Andhra Pradesh,InfrastructureProject,IP-10143,27.140938044671437,6,13,1,-4.646865480012274,74.06903878242156,10,8,3,0
295283086,319554942.85220695,117203295.62756631,40,33,34.85526020388095,73.62788387101446,11,3,7,68.01807999781664,4,4702242.528680863,34.87802430272474,53.957583255666584,44.14812584051261,Transport,Ministry of Road Transport,Maharashtra,InfrastructureProject,IP-10144,8.271546152435349,11,10,8,4.409356752017114,48.927530046916786,1,11,3,3
143297169,245539371.76906908,155627131.01911354,17,18,96.76705748410974,18.036057207301564,14,13,0,69.62884242741572,0,4650854.827192123,92.54505311996633,36.39649684343144,54.63576303066421,Water,Ministry of Water Resources,Tamil Nadu,InfrastructureProject,IP-10145,84.42487024058184,6,9,6,0.16925534994782332,91.28578585868313,4,0,3,2
330441296,509172560.17987674,582484399.222263,20,17,80.3641477010442,67.97342993283243,14,11,3,61.6030279540587,3,4329100.826111776,95.0,33.23424707662735,57.355117513606345,Energy,Ministry of Power,Karnataka,InfrastructureProject,IP-10146,47.59677310116559,1,13,2,4.792530239487064,33.66485141312307,8,1,4,0
180223907,302826338.2571744,124762650.96812063,20,28,75.74467248629112,68.29418539566294,8,6,2,85.24138209570293,4,1476507.3878591638,75.05879772978832,57.6239855745191,54.831239480012464,Housing,Ministry of Housing,Gujarat,InfrastructureProject,IP-10147,13.660090365117261,6,3,1,19.48386201728205,98.22142679347307,11,4,3,3
405094005,469654735.85120636,495038420.51421356,54,57,15.22827568723148,20.036099108914875,14,2,12,56.05556060367829,4,3440222.219180069,95.0,64.75364131956968,75.7326128025745,Health,Ministry of Health,West Bengal,InfrastructureProject,IP-10148,24.188888355414594,5,1,5,18.375318683495635,96.41921690817912,2,8,2,2
349640101,498149783.80376804,396094671.9497933,35,45,88.98823176857033,13.749113654441418,14,12,1,85.73854192131631,3,1336263.1489679767,95.0,59.77542049874285,62.16179270950552,Education,Ministry of Education,Uttar Pradesh,InfrastructureProject,IP-10149,21.980534882319002,11,11,10,13.014216130062238,35.346946149401916,14,8,1,0
71927749,96987815.53803979,51607155.098657556,36,48,56.6164474941321,41.328603385145925,18,10,6,79.78044076850657,4,4870972.2190817855,64.83173981615788,68.67370652491137,57.339782345492935,Irrigation,Ministry of Agriculture,Rajasthan,InfrastructureProject,IP-10150,84.70608269838995,8,10,7,21.32793653194504,84.62632864996863,7,5,2,3
110034343,115817295.51481704,45699582.56796122,45,55,52.60607933454213,15.37448400738004,16,8,7,74.93252558609387,0,1195793.8889112151,30.139876113629267,69.91554390728928,45.02590404163465,Urban Development,Ministry of Urban Development,Madhya Pradesh,InfrastructureProject,IP-10151,53.073735528683585,3,17,10,28.510734010128246,35.29235284317255,8,0,2,1
309225771,462536091.5334013,506974298.2364978,36,48,62.04685594783246,23.22664386293887,9,5,2,49.83286142682893,2,1299524.8962141643,95.0,70.75869329410666,74.08592784412974,Digital Infrastructure,Ministry of IT,Andhra Pradesh,InfrastructureProject,IP-10152,34.51922084942105,3,5,7,18.999246796962098,67.71691063277333,8,1,1,0
243829425,245359033.45520142,173884812.61031276,22,18,47.407796801731514,37.17250300697516,6,2,2,61.25606589046279,1,3398101.663675539,47.69354205770557,52.901269777184766,48.66367168135433,Transport,Ministry of Road Transport,Maharashtra,InfrastructureProject,IP-10153,7.623921797356448,5,17,9,-2.787682583088875,62.1018560459688,2,5,4,3
366573803,629825017.896271,550686861.3610425,28,41,81.38285865970656,86.84064295342003,16,13,2,46.533598838862346,3,4757149.051809161,95.0,74.41590050669936,73.92723948554476,Water,Ministry of Water Resources,Tamil Nadu,InfrastructureProject,IP-10154,99.4819293965951,10,11,10,8.358539175091945,94.35711832008708,5,5,1,1
65945797,75975237.38462783,72527390.61503166,45,57,45.56853336789732,95.76071163980447,6,2,2,63.567626548560604,1,2384500.53233985,88.90725213528403,74.34255411040394,72.49079747368117,Energy,Ministry of Power,Karnataka,InfrastructureProject,IP-10155,71.8331175372004,0,10,6,21.253953624576248,97.21174493101218,17,5,4,1
447657835,451992279.0421955,93706266.46596406,48,51,59.6791271908649,82.42778097907254,9,5,3,59.300199379572916,1,2573418.085607195,5.0,55.31795572208601,31.498341876707677,Housing,Ministry of Housing,Gujarat,InfrastructureProject,IP-10156,80.82754395559377,5,4,10,-8.833209454189422,63.66231026221063,12,9,3,0
128725237,169694528.1240363,189978288.9492272,12,9,78.49071311458529,43.45516597621089,8,6,2,41.95707690049399,2,4754642.972512742,95.0,34.85014023053541,61.05491623415477,Health,Ministry of Health,West Bengal,InfrastructureProject,IP-10157,57.712258603832076,0,17,3,5.452926923058637,70.16888778731594,17,3,0,1
121979456,140675778.63533726,151273416.02690294,34,39,29.876750466670803,13.50369669931007,14,4,10,50.51330632634964,1,3397749.635669542,95.0,71.87937364160828,77.59310977894337,Education,Ministry of Education,Uttar Pradesh,InfrastructureProject,IP-10158,22.489021681591247,3,4,10,12.532985681321868,59.92512819296782,11,9,2,2
85807020,110042381.610444,120396742.75717655,18,25,46.0847586225742,78.67975272411775,11,5,5,93.33324544021778,1,1023400.5452864198,95.0,78.28669904568814,71.79188198770075,Irrigation,Ministry of Agriculture,Rajasthan,InfrastructureProject,IP-10159,59.113030325851646,8,15,2,13.75209923238462,32.29667368900259,13,8,2,3
199312057,349319815.3801865,246941316.87730864,14,12,84.40720912236223,14.287713169285594,8,6,1,86.4343733062399,1,4123939.281388934,95.0,28.06157827870809,51.41567548937562,Urban Development,Ministry of Urban Development,Madhya Pradesh,InfrastructureProject,IP-10160,51.56594058564534,0,12,4,5.672958531340001,68.26903643897379,8,8,4,0
268414459,380613889.0624642,96917396.88573498,21,19,28.322053979172438,10.908154602012225,8,2,4,92.96406284040532,3,4834227.498996426,52.059020597211465,56.130366194752256,48.69242158306984,Digital Infrastructure,Ministry of IT,Andhra Pradesh,InfrastructureProject,IP-10161,22.429348328504506,3,14,8,23.93701516362099,59.584043790952634,17,4,0,3
291815642,355183660.23671275,115561303.95365696,59,84,82.60241677252652,98.63725624862282,12,9,2,63.59171206167534,4,748007.2476347627,17.835265473011468,70.76381763743017,39.10244387580119,Transport,Ministry of Road Transport,Maharashtra,InfrastructureProject,IP-10162,38.06896811608658,6,9,9,-9.173145244323822,48.83137527588173,8,0,2,3
187202377,259367767.01536518,145689534.5125611,59,59,74.2981747664118,78.3104754269738,10,7,3,70.83126785240606,0,860446.1464762969,59.135624426785526,41.57325729019035,45.150382167778744,Water,Ministry of Water Resources,Tamil Nadu,InfrastructureProject,IP-10163,97.24199990401033,7,1,7,-2.792169834874083,36.87644945323564,5,0,1,2
436522300,737440136.1682646,349599417.39801097,52,48,41.0807757020399,40.20494088428585,8,3,5,91.39223342487561,0,3635283.8080769507,90.1173993211152,41.78554502037969,57.85498790164364,Energy,Ministry of Power,Karnataka,InfrastructureProject,IP-10164,56.20727944025711,6,0,0,5.220708394795782,41.41247358521137,3,1,0,2
143174506,239272928.34507704,50586600.00586724,44,65,49.38951953333831,31.14760644963575,15,7,8,89.0276885209351,0,2671452.759468379,53.06058365696981,71.97825094982116,53.123516063751225,Housing,Ministry of Housing,Gujarat,InfrastructureProject,IP-10165,54.07345671331042,4,0,4,18.738157892902002,90.38483298044252,12,2,2,3
441915791,488481351.8328942,480379679.3563102,31,39,66.25262674766851,38.489469874108295,10,6,2,70.09092768878403,2,4253401.303024231,82.18937890642412,68.28426013306608,64.63634078105832,Health,Ministry of Health,West Bengal,InfrastructureProject,IP-10166,98.19056980765392,2,17,3,16.960796762351706,33.62850593838103,16,11,5,0
248853642,286963622.3775388,169987541.43888983,17,17,75.94291455312523,46.40746470164827,10,7,1,61.351285555552685,1,2163834.397996313,49.689644047212596,39.98367249834452,42.073158704660194,Education,Ministry of Education,Uttar Pradesh,InfrastructureProject,IP-10167,68.54438832219016,4,1,6,27.777943307772134,74.92140781089907,6,6,5,2
191117522,311180425.4886607,249287477.68449154,31,30,34.868719761926826,48.88170348350554,13,4,8,67.00699158848866,1,896823.4100610523,95.0,58.151117531651494,69.81497042161203,Irrigation,Ministry of Agriculture,Rajasthan,InfrastructureProject,IP-10168,97.06765454097442,4,8,4,-2.4073878811137606,70.75282610648128,16,10,0,3
323008902,391299770.4700281,158606685.87991273,36,47,66.76304240429064,59.4645641677681,10,6,3,48.63651481433385,2,377918.0692703349,34.708129547305795,70.66961929629434,49.645837110046195,Urban Development,Ministry of Urban Development,Madhya Pradesh,InfrastructureProject,IP-10169,95.1423220845566,10,8,5,17.831899106217794,62.06155481677811,2,1,5,0
69899873,109255867.52529038,62631998.34651574,38,48,73.59668828908386,64.90066753715371,13,9,2,56.265775225843946,3,10092.588741169584,88.8732069052846,61.34947098089562,66.22206249264232,Digital Infrastructure,Ministry of IT,Andhra Pradesh,InfrastructureProject,IP-10170,17.408167531142926,2,9,4,27.789450351323183,81.55746598343548,15,4,2,3
381178453,571830122.4862685,327975912.1356833,56,60,11.385540252217762,62.46334511238368,5,0,5,67.01525476857341,0,1102418.4673665205,91.55394833991974,80.27021020087109,78.52531066576499,Transport,Ministry of Road Transport,Maharashtra,InfrastructureProject,IP-10171,72.57259103641033,9,5,5,-5.924275965082528,30.58239595590344,17,2,3,2
367071380,635635092.0928373,403005979.37652224,26,35,56.14537548355984,49.45464820276852,7,3,4,72.81255795256268,0,1210110.3999043861,95.0,76.6387970169872,73.28715771470513,Water,Ministry of Water Resources,Tamil Nadu,InfrastructureProject,IP-10172,71.40527233781268,7,6,0,22.73478265925349,33.501300377477854,19,0,0,1
94362500,100186188.77305304,98700268.5867034,22,24,75.94601273075486,64.60585522456927,15,11,3,62.33202350951316,1,4424821.540902939,67.48908267810998,47.82939812515893,51.79151761554715,Energy,Ministry of Power,Karnataka,InfrastructureProject,IP-10173,38.328423964220136,3,12,7,-1.9887192852949642,73.17485254967788,0,6,2,1
183222855,193257416.6047535,99955650.95097303,20,18,81.97468875683751,40.02461101261389,16,13,3,93.72076534919016,0,175039.57403402825,27.517391735061437,27.342575595533624,23.32127447439907,Housing,Ministry of Housing,Gujarat,InfrastructureProject,IP-10174,78.73733450051056,1,10,10,18.218433211339452,59.93209335923361,3,1,3,2
268198244,436409470.3349466,270307492.3585514,33,44,63.896086007149506,28.09888546984007,10,6,2,43.37056464084634,3,1050146.7475814081,95.0,73.3317256455491,75.77091067910027,Health,Ministry of Health,West Bengal,InfrastructureProject,IP-10175,28.103808138102828,2,13,5,16.20694858097352,48.21656185896606,5,4,4,0
161862448,185901832.09475905,154302911.66129544,18,23,84.38392811761862,50.15810988797893,8,6,2,40.47786428472707,3,1249784.7319881062,59.73625659333163,64.23845841572283,56.86789062836472,Education,Ministry of Education,Uttar Pradesh,InfrastructureProject,IP-10176,51.50056597097231,6,12,6,-1.357595350209344,86.65270787996837,4,3,5,1
29198505,35540391.18517843,15345757.706224311,32,45,16.987669838990314,84.59841486276628,11,1,9,71.29596376068149,4,3384703.9149841866,52.64174197462946,95.0,66.91353524185052,Irrigation,Ministry of Agriculture,Rajasthan,InfrastructureProject,IP-10177,83.79083748518036,6,15,2,6.5806425926716905,30.927572345273738,8,4,4,3
301136237,393838887.6191612,271503253.8134562,56,51,10.179292169716325,74.68656560681772,10,1,8,57.80720092119104,0,1726149.7683498622,88.84316732995245,69.96270776293427,75.33520529385768,Urban Development,Ministry of Urban Development,Madhya Pradesh,InfrastructureProject,IP-10178,41.42009255718303,9,13,9,4.170853088688627,37.37418391369332,3,1,0,1
467794267,584182414.2469164,214354678.81237426,58,62,31.078303383370073,29.759853090682174,16,4,10,73.41270659032575,0,2144721.6671507214,42.25868168621487,69.70499508414942,52.18048462705237,Digital Infrastructure,Ministry of IT,Andhra Pradesh,InfrastructureProject,IP-10179,54.090500383808084,9,7,9,-3.1322436917820173,65.00789264536388,18,5,0,1
100096924,142738539.2525852,45018970.51271047,40,44,98.23920132433346,56.105628151913656,17,16,1,85.88805834755664,2,1021581.9169948514,33.6979436952943,27.174748348696323,25.28321051559459,Transport,Ministry of Road Transport,Maharashtra,InfrastructureProject,IP-10180,50.780506395877914,4,0,0,14.453464088665875,90.01162316525887,2,4,2,3
390006361,469028633.5115924,98486058.68254836,39,50,77.73744646646524,51.854972347057995,10,7,3,69.10567959877241,2,1427543.9005925579,18.460262131146273,57.38652352349852,34.329791499220605,Water,Ministry of Water Resources,Tamil Nadu,InfrastructureProject,IP-10181,53.157739677499315,2,1,8,25.302395070893894,62.64168292981191,13,8,1,2
137637055,160041366.24011394,42327857.890511364,33,37,26.355096390534086,76.8773385668242,19,5,14,98.90244055126848,1,1877344.642332502,29.2861135956633,60.65576816966499,40.473088575904384,Energy,Ministry of Power,Karnataka,InfrastructureProject,IP-10182,80.38145451934467,3,9,2,-1.1955469638098748,54.53643740003133,7,10,5,3
388276538,503045470.95939904,123406752.22030343,42,54,10.75273136891714,29.590065962248243,18,1,17,62.394469382754025,3,476858.0113652932,44.20891243918829,88.60696112909262,63.26155782655291,Housing,Ministry of Housing,Gujarat,InfrastructureProject,IP-10183,10.36785807342765,8,3,7,7.042839105043882,68.36226496649681,15,6,1,3
70818320,71647078.97459367,26381824.01409685,55,72,25.289290544566178,27.54776799102603,16,4,11,84.99866790712426,0,1291155.0983308002,31.498864927437523,74.58235132888035,48.42463969555787,Health,Ministry of Health,West Bengal,InfrastructureProject,IP-10184,60.541175750758725,4,3,9,13.152270180477622,74.26739270298711,9,11,1,0
397547596,624238037.3299739,365935823.855396,51,52,31.73505651935501,29.342137333275627,18,5,12,94.47031083301204,3,3728766.89538063,94.31291784985139,54.37822233080635,64.41349267883547,Education,Ministry of Education,Uttar Pradesh,InfrastructureProject,IP-10185,55.79274451507007,9,1,1,5.311950577455512,87.52816626097515,17,0,5,1
147813688,179039268.65454248,203937987.50822195,41,39,57.58519771885921,84.33259365844273,9,5,3,56.70745278241438,2,2976516.3296374455,95.0,52.317888154137584,67.04662316470007,Irrigation,Ministry of Agriculture,Rajasthan,InfrastructureProject,IP-10186,26.463502692535734,6,14,3,8.460917103544272,98.83139597729271,19,9,4,3
114985952,154756945.94927713,35771927.659651265,33,27,89.12671953411228,31.90570148966774,9,8,0,80.01084347833948,0,4489595.9347883295,25.039336806751905,24.286372181000324,22.601666510888727,Urban Development,Ministry of Urban Development,Madhya Pradesh,InfrastructureProject,IP-10187,88.81181889340358,7,6,7,16.67087639135589,36.602919840373055,7,10,0,1
356490940,375671839.19262886,105579333.44055958,31,44,94.02139751118833,82.12131926864276,17,15,1,40.34311488164736,2,1207482.4262843393,11.865981181025042,59.8264231799364,35.232033602021815,Digital Infrastructure,Ministry of IT,Andhra Pradesh,InfrastructureProject,IP-10188,4.035082685969971,0,2,3,25.668434608109834,89.4425303851193,10,11,4,2
72615317,73450767.6123543,60249954.35327897,43,43,21.938011984085783,56.04721461055694,14,3,9,96.30482463148864,4,4322166.234341821,66.22699404145362,54.85838366882512,54.05170700753836,Transport,Ministry of Road Transport,Maharashtra,InfrastructureProject,IP-10189,58.69365065589071,8,3,2,7.691752218045412,79.51779000230493,10,8,3,3
420975634,713439459.6208503,413172523.6430101,45,46,57.490971959952546,29.047230871287507,7,4,3,98.86707447207614,3,4305226.497516559,95.0,48.87119725856682,59.525760673691714,Water,Ministry of Water Resources,Tamil Nadu,InfrastructureProject,IP-10190,46.116690125391,5,13,10,27.968027727235658,88.2982331308353,17,7,2,0
33533675,46956787.84205807,41833049.87878602,36,45,34.77593921066742,24.058591181795975,11,3,8,50.761360617354455,3,211711.39386191918,95.0,77.04511124838628,78.87399092326528,Energy,Ministry of Power,Karnataka,InfrastructureProject,IP-10191,57.972615709722476,0,13,1,-9.234205280126533,84.53718104770508,10,11,5,3
374024221,646377598.0483668,542331591.5647621,37,40,23.83219385597841,61.53465095938202,10,2,7,95.27845073277854,1,3702823.6162975496,95.0,66.68765523872672,69.66569233803972,Housing,Ministry of Housing,Gujarat,InfrastructureProject,IP-10192,9.490844126734622,10,7,7,-0.7682138429387297,94.09705625831549,19,3,5,1
420651562,491735561.8825674,509551822.8752434,58,74,43.78969987011214,82.00660888691812,19,8,11,99.83427399421616,3,1081135.0456388986,92.9814257631239,64.40262073398922,65.37937647600215,Health,Ministry of Health,West Bengal,InfrastructureProject,IP-10193,69.12118093865404,6,7,4,-7.504237256068911,53.4695335054807,6,4,3,0
195304016,328508764.1598254,373831551.8351982,30,35,81.04684797222271,47.45962529608144,14,11,2,68.4970579158249,1,1342810.837268213,95.0,49.50678690859144,61.948131933411,Education,Ministry of Education,Uttar Pradesh,InfrastructureProject,IP-10194,10.09781068177611,3,14,4,11.195250443541049,98.97126826010998,7,7,3,3
136303318,223351327.21315238,117539511.04561163,19,18,11.846873325639269,84.39565109522398,16,1,15,61.22180119484403,4,312824.2110972579,95.0,60.154772131018916,73.68621273406609,Irrigation,Ministry of Agriculture,Rajasthan,InfrastructureProject,IP-10195,21.050693966534297,5,3,1,3.7058058609008615,90.52612453006981,1,6,2,3
236090271,265550722.50519615,170617901.44367158,21,24,22.96709074118796,66.15986369760842,16,3,12,92.52433750731007,0,2297920.2860681154,64.5859188820139,70.29538441883984,59.2623923991842,Urban Development,Ministry of Urban Development,Madhya Pradesh,InfrastructureProject,IP-10196,30.646346804282032,8,9,4,6.7442909967331985,62.09019968920066,12,8,1,2
121175783,185563913.121132,74085641.59778781,26,30,85.60972705952798,99.05060178685508,13,11,1,51.709991033119024,1,2354336.781115884,57.651310778645296,53.444370617923084,50.448582666810545,Digital Infrastructure,Ministry of IT,Andhra Pradesh,InfrastructureProject,IP-10197,65.6055021975704,11,11,5,23.529216843272025,55.298264534703044,2,1,3,2
58459288,82490766.46529992,91011898.84549585,56,82,25.794246464322164,61.09545861379491,13,3,9,92.17636494848665,3,4851176.722074384,95.0,85.7792093018601,76.61684386694581,Transport,Ministry of Road Transport,Maharashtra,InfrastructureProject,IP-10198,93.23227582288776,10,5,5,24.1881380037279,41.57116002965729,2,11,2,0
140535349,233368610.40056035,113348900.12605813,49,72,61.41344229433876,22.870101039915376,18,11,5,96.3336976024765,2,1687401.628374491,90.71830792582237,68.16157333992524,64.55247496949744,Water,Ministry of Water Resources,Tamil Nadu,InfrastructureProject,IP-10199,72.94637698316637,4,8,4,24.96287093220741,47.476826691816115,3,9,1,0
15002707,19521885.867462818,8434542.838828191,47,52,41.60974486139028,18.439887363131483,14,5,8,96.91017659309168,2,1190733.2683284816,54.410534658813546,52.006519923511995,46.268994861651834,Energy,Ministry of Power,Karnataka,InfrastructureProject,IP-10200,90.84345518793752,6,4,0,20.900651443176162,79.17418391119281,1,5,1,2
421228240,658492045.7537041,747501789.6710298,40,51,52.811903620986286,70.69596866325834,18,9,9,42.727150026147754,0,2552903.7872977993,95.0,81.19538612705668,79.72812227844905,Housing,Ministry of Housing,Gujarat,InfrastructureProject,IP-10201,61.51291405411998,8,9,11,10.051025785029175,33.517010687608746,19,0,0,3
234280392,391563201.51575935,141228852.91114464,46,61,29.395068298079593,40.24063530910979,16,4,12,86.40286286693498,0,3041597.5000388585,83.9343044774751,78.74565063208468,70.23476325237147,Health,Ministry of Health,West Bengal,InfrastructureProject,IP-10202,28.104975016688915,11,0,10,22.057831048918146,57.44655038332009,10,6,2,2
102802512,120137601.98133019,88781385.25120787,32,38,93.62302454905186,44.85902661777826,6,5,0,41.14932913307518,2,2623678.188307161,46.927854468184876,52.90491103737558,46.75315882548894,Education,Ministry of Education,Uttar Pradesh,InfrastructureProject,IP-10203,77.52440518349492,2,10,7,-8.795845111547242,97.30446272018786,7,2,3,2
483732560,736582857.9046787,288968744.4047367,39,54,95.24453166102231,89.63696059264039,8,7,0,56.64788078349724,2,1698851.211494219,51.89298448998552,71.38925682029252,52.72179839946977,Irrigation,Ministry of Agriculture,Rajasthan,InfrastructureProject,IP-10204,45.56191564372516,9,16,8,3.8754390545754234,60.49513533195569,18,9,3,2
79110701,84106662.20289879,48967057.330648705,12,10,99.25264660352066,58.69026090348962,16,15,0,95.71783372692364,3,824423.8828256922,27.291285923496133,19.869040773967455,18.587738920896452,Urban Development,Ministry of Urban Development,Madhya Pradesh,InfrastructureProject,IP-10205,23.99893638699575,7,11,7,3.6570107841719324,61.41451627962304,1,2,1,3
417146173,437201363.0802329,422909967.89725435,31,41,62.01020014246795,91.39237974944714,9,5,2,85.42288688191752,0,34389.81109824657,72.69183219955607,68.30157536452359,58.96783121087126,Digital Infrastructure,Ministry of IT,Andhra Pradesh,InfrastructureProject,IP-10206,21.244727719547296,4,11,9,18.68482273888774,89.92927493096204,17,3,3,2
198584259,248449255.1928656,221382153.01034313,12,13,75.674071584768,94.61987250141564,9,6,3,91.78813226414434,3,599455.4673635605,83.0943870968416,43.139420037170396,52.00092485364783,Transport,Ministry of Road Transport,Maharashtra,InfrastructureProject,IP-10207,73.49258473948942,0,5,9,1.997682791080905,71.72573686668142,13,8,4,3
69940921,100530040.60867839,110825627.0037883,59,56,11.36591940581442,62.327539502381846,9,1,6,73.99631553432778,2,2054285.4592024824,95.0,64.23534587298444,73.24633178481395,Water,Ministry of Water Resources,Tamil Nadu,InfrastructureProject,IP-10208,56.057980900104866,3,16,7,23.06204296765857,86.06864902823554,4,9,4,0
387173494,499156891.26499873,145837649.87834057,49,46,16.051076208150505,63.536264155171864,5,0,3,79.52305832362133,3,1115310.3077137843,44.46688632446869,65.8110883233015,52.287069073584746,Energy,Ministry of Power,Karnataka,InfrastructureProject,IP-10209,87.31088427642277,10,7,5,6.941916639675853,85.54994581771612,6,9,4,3
423840046,472771260.6176539,144629458.97942162,36,46,51.213609499062514,30.386946343249512,19,9,10,55.17148709500667,1,1796043.7349134516,19.273188342013352,68.58270820532255,43.316139194510974,Housing,Ministry of Housing,Gujarat,InfrastructureProject,IP-10210,82.3552226611819,0,5,2,4.032764373400624,55.37918575913662,14,0,0,1
366032281,411723596.1539659,400135068.6859109,59,67,85.68178393626164,29.91148268014576,19,16,3,74.58834625346523,4,1923055.379893841,69.43827347760221,43.432257129491674,48.220169054717026,Health,Ministry of Health,West Bengal,InfrastructureProject,IP-10211,45.91240232866809,4,2,11,-5.254249370336788,95.3624596101029,16,6,0,1
145269593,254176341.02011272,130087994.49769187,17,15,69.07686431505911,97.40358166314572,5,3,2,82.88519658663675,4,1119912.7293254058,95.0,41.01197817909021,58.01372644318015,Education,Ministry of Education,Uttar Pradesh,InfrastructureProject,IP-10212,23.91425454345232,2,10,11,17.733406149388266,75.37651281674678,19,3,2,3
284959673,475003612.69873095,481972392.9378959,28,40,96.6035301948241,49.970372184669905,8,7,1,71.89966142586897,4,350540.6982062847,95.0,58.74231545719785,63.11450817665649,Irrigation,Ministry of Agriculture,Rajasthan,InfrastructureProject,IP-10213,39.525931543115775,3,7,10,-8.83379255911644,93.50742610494841,3,9,3,3
23598124,37004025.048206516,10943165.349244114,19,21,75.83377237328042,96.23062080274904,17,12,4,93.1709063277607,3,4582102.722660331,44.104371080911186,51.26109035442091,39.02411686991964,Urban Development,Ministry of Urban Development,Madhya Pradesh,InfrastructureProject,IP-10214,63.54143568619099,8,15,2,-6.345035805583632,52.03780805461542,17,4,4,0
104762598,166069374.0007783,170133343.6102148,56,70,10.725319300790781,94.88573406651565,17,1,15,46.45685108559153,4,4575303.6625861125,95.0,90.97867582153539,86.80147694461958,Digital Infrastructure,Ministry of IT,Andhra Pradesh,InfrastructureProject,IP-10215,25.11692675484013,1,14,7,11.898859594492745,49.206922364181125,9,3,5,3
45180087,46599443.441501506,19858066.935039252,22,28,72.70256002930736,39.19112269255501,5,3,2,52.65317366084729,2,4733781.223461203,23.48367982989275,68.9246550869204,43.34886916032141,Transport,Ministry of Road Transport,Maharashtra,InfrastructureProject,IP-10216,40.0212275849672,6,10,10,21.2075707393198,99.83359755759697,11,6,5,0
245449041,269088253.60967505,280178373.3101617,34,28,89.84073855013285,47.78638279176859,8,7,0,65.03160511387459,3,652506.320585921,72.18438280715054,30.02958000664953,45.645291503093084,Water,Ministry of Water Resources,Tamil Nadu,InfrastructureProject,IP-10217,56.54199676077424,8,9,9,-6.634893509624686,57.517273529158075,8,8,5,2
445017011,564503463.6101339,156258759.2366673,22,17,85.14524851249634,97.72215364436963,11,9,2,53.888512825917886,1,4632318.989780924,16.210954519828334,27.605818252977357,24.548616421336092,Energy,Ministry of Power,Karnataka,InfrastructureProject,IP-10218,41.96273828068103,5,10,0,-9.61252469036129,90.056856364054,15,5,0,3
278617386,346919395.6369719,83350161.20090857,23,24,60.95935141773549,10.56317239238232,14,8,4,72.12207647089907,3,2130606.189761154,20.47744890794134,55.60390129326377,35.73809840341045,Housing,Ministry of Housing,Gujarat,InfrastructureProject,IP-10219,83.2363539660995,0,16,7,0.3755360297278507,36.13139081841625,15,3,3,1
380613276,571363562.8259454,278440729.0047957,34,32,77.72215038278449,14.616446408309402,16,12,4,66.52642208078319,2,2421955.928004246,62.269440584123664,43.877931795073984,47.51387401152944,Health,Ministry of Health,West Bengal,InfrastructureProject,IP-10220,69.38055569674117,3,12,9,-1.6564652903579713,50.74744048126984,19,3,0,1
419716734,540956017.8958431,329147708.3852328,27,24,84.4620899343531,62.635476851999385,7,5,0,88.17107253973276,2,3207522.4062812584,56.0101692079714,34.988710238296164,37.97824639219699,Education,Ministry of Education,Uttar Pradesh,InfrastructureProject,IP-10221,25.982813794029948,5,14,3,-5.115539363028483,37.77960031324087,5,5,3,2
179034254,297349353.6430781,259613380.7973081,15,13,14.07651792517697,69.07472734462905,15,2,13,44.92142111268825,3,1353219.7099088284,95.0,67.52190192682747,78.48680071496868,Irrigation,Ministry of Agriculture,Rajasthan,InfrastructureProject,IP-10222,8.122963480667266,9,8,9,10.184760984307822,38.209610346031155,9,2,0,0
60413150,74401912.58842109,49676759.20823083,13,14,50.17977296168939,65.68948693369046,12,6,6,70.04265555020028,4,2148114.319484221,61.20527922010758,56.742522018616185,53.81761876585972,Urban Development,Ministry of Urban Development,Madhya Pradesh,InfrastructureProject,IP-10223,27.893807607347675,10,3,6,-9.351984106421313,87.28662973456747,16,0,2,3
305686303,377600219.2763292,154936376.8266625,53,71,64.22228476331095,56.047472426711266,7,4,2,57.26987793109635,1,3369194.491350023,39.05209226966752,72.7624910550363,51.07499861113417,Digital Infrastructure,Ministry of IT,Andhra Pradesh,InfrastructureProject,IP-10224,84.68872244289528,11,2,9,25.583064733219686,96.07497984335205,16,1,3,1
237196125,308943354.9624803,106089717.68974744,43,41,72.31188755389728,30.999954038439398,17,12,5,79.13412118794645,4,3252126.2441193215,33.49774990563509,42.241335038615645,34.08226029218781,Transport,Ministry of Road Transport,Maharashtra,InfrastructureProject,IP-10225,21.233397428689127,8,17,10,-5.462367315843331,99.78364530125488,1,11,0,3
124588697,125952436.38147748,33525030.79301195,45,62,53.4442125769241,79.97099204641471,7,3,3,57.75592176619696,0,4826513.618151999,11.339713187914564,83.80289728695075,44.859089802976634,Water,Ministry of Water Resources,Tamil Nadu,InfrastructureProject,IP-10226,5.04167736022092,11,4,11,-3.3639590251685503,31.727891005720924,9,4,1,3
395664077,648954401.7726115,689844399.5694318,33,29,74.32469501518324,36.40180792969089,18,13,3,81.8699671303102,3,3027406.2526297267,95.0,39.377164749301805,57.06904309119077,Energy,Ministry of Power,Karnataka,InfrastructureProject,IP-10227,30.78863820162494,3,17,5,1.8329638998614417,30.077846593733117,15,10,4,3
330659284,498293383.07277155,395376556.725536,42,34,71.61635748384697,91.24349594008206,11,7,3,47.64216840687286,3,4621271.37301558,95.0,37.764687509733044,61.909679618990936,Housing,Ministry of Housing,Gujarat,InfrastructureProject,IP-10228,46.066982983348915,11,1,4,-5.862635405580665,58.14190518217685,7,10,5,2
74578794,74580626.77955335,57406732.36597476,28,33,23.339571588939215,18.28888787796308,12,2,10,97.45789877635528,2,4493939.4486867385,59.2235038483115,66.04832569360505,54.85367355673916,Health,Ministry of Health,West Bengal,InfrastructureProject,IP-10229,55.31119710583715,8,1,4,5.549053915061869,46.82093864152567,0,3,3,2
353058207,403022143.2253464,455251528.487134,35,37,17.888485257518795,15.923058462151882,8,1,6,67.82885498366079,1,2382306.3561969977,95.0,66.7298990306944,74.39228788744205,Education,Ministry of Education,Uttar Pradesh,InfrastructureProject,IP-10230,31.830409469234734,1,5,7,2.6095773859780316,39.32469468956401,2,11,2,0
342122778,374846684.2513307,267223456.1333072,31,41,88.5573479409098,54.99630927683096,10,8,0,77.1503641219502,4,3368508.6677107825,48.85956701249246,63.19420455794772,46.23350898789518,Irrigation,Ministry of Agriculture,Rajasthan,InfrastructureProject,IP-10231,76.74988305907054,11,14,4,21.860340788948335,46.27789321345985,7,3,1,1
469047855,574963540.0353497,286375339.2311618,24,28,17.74289413296489,15.132422260325743,11,1,8,75.13526103235675,2,3188870.7092279578,57.52910449240682,77.52283370970979,62.100055027211155,Urban Development,Ministry of Urban Development,Madhya Pradesh,InfrastructureProject,IP-10232,82.00675020556494,5,1,10,0.8714606432051664,57.94167561577137,19,5,0,1
129208347,222024934.98306012,224228403.75555593,58,61,67.6868975288882,51.95634320148013,13,8,4,86.22683326443939,3,1793107.909767957,95.0,51.74314842616787,61.40738720660403,Digital Infrastructure,Ministry of IT,Andhra Pradesh,InfrastructureProject,IP-10233,91.13391900786307,4,15,8,29.007199039020335,88.32430496176721,19,5,3,2
243982623,391592849.94795233,256173644.88045684,22,23,59.542459939264646,81.10133574038937,6,3,1,98.15930873705074,1,4078847.0231755357,95.0,42.01995478499354,57.02884187026366,Transport,Ministry of Road Transport,Maharashtra,InfrastructureProject,IP-10234,46.672809376795044,0,3,2,16.32408872225968,99.84245723071405,15,3,4,0
499549070,680220621.1972663,806609231.9677507,49,52,69.37212456374269,49.78300788380112,8,5,2,43.68677740784725,0,4702519.764397013,95.0,60.434133524927894,70.6617176661734,Water,Ministry of Water Resources,Tamil Nadu,InfrastructureProject,IP-10235,64.8765386159386,1,16,8,-2.779270864303056,48.37294095848851,15,1,5,2
383319667,474507285.527819,172026916.334495,45,37,65.79717083867477,72.83785876088498,8,5,3,42.51784440661806,1,4359565.306402528,34.97011937783169,38.53872618608251,39.519208171401374,Energy,Ministry of Power,Karnataka,InfrastructureProject,IP-10236,57.69816124176819,7,3,1,11.198813640856823,77.48743198521092,13,8,1,3
203967803,347360309.5793752,263421494.9309064,42,51,17.25538646526416,94.56117301226492,14,2,10,70.14945260961592,2,3957048.752534878,95.0,79.31988602747673,78.51400357164805,Housing,Ministry of Housing,Gujarat,InfrastructureProject,IP-10237,91.57882394541271,3,17,9,1.0827699885359863,95.8616118691443,0,9,1,2
330063769,376841336.6531911,331615134.0834025,19,25,52.25667988110703,48.03904304100625,18,9,9,40.629618468396664,1,2406389.756096185,84.13164528404691,75.44293609610651,73.73757498888584,Health,Ministry of Health,West Bengal,InfrastructureProject,IP-10238,80.96750362658894,5,6,8,24.954998220840736,30.903505958669438,0,10,5,0
283552846,422012266.7454908,94577250.72116184,55,46,63.95150256928449,91.21629484996072,16,10,5,52.97996665784962,0,4176862.6514212303,43.125572934224564,39.933298072297234,41.88473824338797,Education,Ministry of Education,Uttar Pradesh,InfrastructureProject,IP-10239,19.688787177568358,10,3,10,13.520018537185138,54.71720222568726,1,11,5,1
